Name,Price,Area,Description,Location
CHCC Lumiere Riverside cÄƒn 2PN chá»‰ 6.1 tá»· phÃ²ng Ä‘Æ°á»£c thiáº¿t káº¿ hiá»‡n Ä‘áº¡i vÃ  tiá»‡n Ã­ch. LH 0931 866 ***,"6,1 tá»·",76 mÂ²,"CHCC Lumiere Riverside cÄƒn 2PN chá»‰ 6.1 tá»· phÃ²ng Ä‘Æ°á»£c thiáº¿t káº¿ hiá»‡n Ä‘áº¡i vÃ  tiá»‡n Ã­ch. LH 0931 866 ***. Dá»± Ã¡n cÄƒn há»™ Lumiere Riverside Quáº­n 2 tá»a láº¡c ngay vá»‹ trÃ­ Ä‘áº¯c Ä‘á»‹a táº¡i Máº·t tiá»n ÄÆ°á»ng Xa Lá»™ HÃ  Ná»™i, PhÆ°á»ng An PhÃº, Quáº­n 2, Há»“ ChÃ­ Minh, khu cÄƒn há»™ dá»… dÃ ng káº¿t ná»‘i vá»›i cÃ¡c quáº­n lÃ¢n cáº­n. Lumiere Riverside sáº½ mang Ä‘áº¿n cháº¥t lÆ°á»£ng sá»‘ng vÆ°á»£t trá»™i cho cá»™ng Ä‘á»“ng dÃ¢n cÆ° vÄƒn minh, Ä‘áº³ng cáº¥p. Thiáº¿t káº¿: 2pn 2wc. GiÃ¡: 6 tá»· 1 cÃ²n thÆ°Æ¡ng lÆ°á»£ng thÃªm. Ná»™i tháº¥t cao cáº¥p...","Quáº­n 2, Há»“ ChÃ­ Minh"
"BÃ¡n Lá»— Tráº£ NgÃ¢n HÃ ng GiÃ¡ 6,5tr/m2","1,6 tá»·","246,2 mÂ²","BÃ¡n Lá»— Tráº£ NgÃ¢n HÃ ng GiÃ¡ 6,5tr/mÂ²  Äá»‹a chá»‰: XÃ£ Lá»™c ThÃ nh, Huyá»‡n Báº£o LÃ¢m, tá»‰nh LÃ¢m Äá»“ng   Diá»‡n tÃ­ch: 246,2mÂ²   Máº·t tiá»n: 5.5m   Máº·t tiá»n lá»™: 6.9m   GiÃ¡: 6,5tr/mÂ² (giÃ¡ mua trc 9tr) Äáº¥t full thá»• cÆ°, sá»• há»“ng riÃªng  Gáº§n trÆ°á»ng há»c, nhÃ  thá», vÃ  chá»£, Ä‘áº£m báº£o cuá»™c sá»‘ng tiá»‡n lá»£i vÃ  káº¿t ná»‘i vá»›i cá»™ng Ä‘á»“ng.  LiÃªn há»‡ ngay SÄT: 0911 966 *** gáº·p ThÆ¡ Ä‘á»ƒ biáº¿t thÃªm chi tiáº¿t vÃ  tham quan trá»±c tiáº¿p Ä‘áº¥t ná»n Ä‘áº¹p nÃ y","Báº£o LÃ¢m, LÃ¢m Äá»“ng"
"Shophouse máº·t sÃ´ng Mega Grand World HÃ  Ná»™i - Vá»‘n vÃ o chá»‰ 6 tá»· - Táº·ng VF9 - Táº·ng 2,5 tá»· tiá»n máº·t","20,52 tá»·","127,5 mÂ²","SiÃªu pháº©m view sÃ´ng Ä‘áº¹p long lanh. LÃ  nÃºt giao giá»¯a cáº§u ÄÃ´ng TÃ¢y vÃ  quáº£ng trÆ°á»ng trung tÃ¢m. PT. TV - 134.Tá»•ng DTXD: 409 mÂ². Tá»•ng DT Ä‘áº¥t: 127,5 mÂ². Trong Ä‘Ã³: - DTXD táº§ng 1: 79,5mÂ². - DT sÃ¢n vÆ°á»n: 48mÂ².5 táº§ng 1 tum. Sá»Ÿ há»¯u 2 máº·t tiá»n, má»—i máº·t tiá»n rá»™ng 6m. CÄƒn shop ngay táº¡i máº·t sÃ´ng lá»›n - lÃªn tá»›i 36m máº·t nÆ°á»›c. NhÃ¬n tháº³ng cáº§u ÄÃ´ng TÃ¢y, sÃ´ng Venice cÃ³ cáº§u dÃ i 26m. BÃªn cáº¡nh lÃ  quáº£ng trÆ°á»ng trung tÃ¢m 6900mÂ² Ä‘Ã i phun nÆ°á»›c. Má»™t vá»‹ trÃ­ cá»±c Ä‘Ã´ng khÃ¡ch du l...","VÄƒn Giang, HÆ°ng YÃªn"
"Quá»¹ cÄƒn Ä‘áº¹p cáº¯t lá»— tá»« 300tr 1PN-3PN táº¡i Vinhomes Ocean Park, há»— trá»£ vay NH lÃªn Ä‘áº¿n 70%, miá»…n phÃ­ MG","1,58 tá»·",59 mÂ²,"BÃªn em Ä‘ang cÃ³ quá»¹ cÄƒn chuyá»ƒn nhÆ°á»£ng giÃ¡ siÃªu tá»‘t chá»§ nhÃ  khÃ´ng cÃ³ nhu cáº§u sá»­ dá»¥ng nÃªn bÃ¡n gáº¥p, nhÃ  má»›i chÆ°a qua sá»­ dá»¥ng khÃ´ng cÃ³ nhu cáº§u á»Ÿ nÃªn muá»‘n nhÆ°á»£ng láº¡i, Æ°u tiÃªn cho anh chá»‹ khÃ¡ch hÃ ng cÃ³ nhu cáº§u á»Ÿ thá»±c hoáº·c mua Ä‘á»ƒ Ä‘áº§u tÆ° cho thuÃª... QuÃ½ khÃ¡ch quan tÃ¢m xin vui lÃ²ng liÃªn há»‡ trá»±c tiáº¿p em Ms Háº±ng Vinhomes 0819 328 ***, em sáº½ tÆ° váº¥n vÃ  dáº«n quÃ½ khÃ¡ch Ä‘i xem cÄƒn há»™ trá»±c tiáº¿p 24/7.Báº£ng giÃ¡ cáº­p nháº­t liÃªn tá»¥c:- CÄƒn 31 mÂ² (Studio) giÃ¡ bÃ¡n 960 triá»‡u (g...","Gia LÃ¢m, HÃ  Ná»™i"
"ChuyÃªn bÃ¡n CH Vinhomes Ocean Park, loáº¡i 1 - 2 - 3 PN giÃ¡ tá»‘t, CS vay lÃªn tá»›i 80%, sá»• há»“ng vÄ©nh viá»…n","1,35 tá»·",43 mÂ²,"Xin gá»­i quÃ½ khÃ¡ch hÃ ng báº£ng bÃ¡o giÃ¡ cá»§a cÃ¡c cÄƒn há»™ chuyá»ƒn nhÆ°á»£ng táº¡i Vinhomes Ocean Park, cam káº¿t giÃ¡ tá»‘t - giÃ¡ tháº­t 100%. CH Studio 28mÂ² thÃ´ng thá»§y giÃ¡ 1 tá»·. 30,5mÂ² thÃ´ng thá»§y giÃ¡ 1,05 tá»·. 36mÂ² thÃ´ng thá»§y giÃ¡ 1,2 tá»·. CH 1N + 1 43mÂ² thÃ´ng thá»§y giÃ¡ 1,4 tá»·. 48mÂ² thÃ´ng thá»§y giÃ¡ 1,5 tá»·. CH 2N 1WC 54mÂ² thÃ´ng thá»§y giÃ¡ 1,7 tá»·. CH 2N 2WC 63mÂ² thÃ´ng thá»§y giÃ¡ 1,85 tá»·. CH 2N 2WC + 1 gÃ³c 63mÂ² thÃ´ng thá»§y giÃ¡ 2,2 tá»·. Ch 3N 2WC 75mÂ² thÃ´ng thá»§y giÃ¡ 2,5 tá»·.Vá»›i 3 ...","Gia LÃ¢m, HÃ  Ná»™i"
Trá»±c tiáº¿p CÄT Capitaland - cÄƒn há»™ Zenity Quáº­n 1 chiáº¿t kháº¥u 40% - 3PN/10 tá»· - cho thuÃª 40tr/thÃ¡ng,10 tá»·,108 mÂ²,"Capitaland cÃ´ng bá»‘ chÃ­nh sÃ¡ch bÃ¡n hÃ ng khá»§ng Ã¡p dá»¥ng duy nháº¥t tá»›i 29/12/2023: Chiáº¿t kháº¥u trá»±c tiáº¿p vÃ o giÃ¡ bÃ¡n 40%: Giá» hÃ ng 2PN - 3PN - duplex cÄƒn há»™ Zenity Quáº­n 1: + CÄƒn 2PN: 94.5mÂ²  + CÄƒn 3PN: 108 - 116mÂ² - GiÃ¡ total (full VAT + phÃ­ báº£o trÃ¬ + Ná»™i tháº¥t): Tá»« 10 tá»· + Duplex: 161mÂ²- Táº·ng gÃ³i full ná»™i tháº¥t tá»« A - Z cao cáº¥p 500 triá»‡u - 1 tá»·. (Bao gá»“m: Tivi, tá»§ láº¡nh, mÃ¡y láº¡nh, mÃ¡y giáº·t, báº¿p, lÃ² vi sÃ³ng, tranh treo tÆ°á»ng, sofa, giÆ°á»ng Ä‘á»‡m ga gá»‘i, tá»§ q...","Quáº­n 1, Há»“ ChÃ­ Minh"
"Vá»£ chá»“ng tÃ´i chuyá»ƒn cÃ´ng tÃ¡c cáº§n bÃ¡n gáº¥p biá»‡t thá»± song láº­p cÄƒn gÃ³c 239m2 k5 view vÆ°á»n hoa, Ä‘áº¹p nháº¥t",GiÃ¡ thá»a thuáº­n,"239,7 mÂ²","TÃ´i cáº§n bÃ¡n gáº¥p biá»‡t thÆ° song láº­p lÃ´ gÃ³c k5 Starlake. Äiá»‡n tÃ­ch: 239,7m. Máº·t tiá»n 11,5m. XÃ¢y dá»±ng 3 táº§ng vÃ  1 Tum. Vá»‹ trÃ­ lÃ´ gÃ³c bÃªn cáº¡nh lÃ  vÆ°á»n hoa Ä‘áº¹p nháº¥t dá»± Ã¡n. HÆ°á»›ng nam mÃ¡t máº». PhÃ¡p lÃ½ : Ä‘Ã£ cÃ³ sá»• Ä‘á»  LÃ  cÄƒn song láº­p duy nháº¥t hÆ°á»›ng nam Ä‘áº¹p nháº¥t dá»± Ã¡n. GiÃ¡ bÃ¡n: Thá»a thuáº­n trá»±c tiáº¿p giÃ¡ tá»‘t nháº¥t thá»‹ trÆ°á»ng. LiÃªn há»‡ CÃ´ Nga chá»§ nhÃ  : 0963 791 ***","TÃ¢y Há»“, HÃ  Ná»™i"
"BÃ¡n ráº¥t gáº¥p - chÃ­nh Chá»§ 140,6m2 háº»m 283 ÄÆ°á»ng Linh ÄÃ´ng, Trung TÃ¢m TP Thá»§ Äá»©c","5,62 tá»·","140,6 mÂ²","Äá»‹a chá»‰ Ä‘á»‘i diá»‡n: 283/3A Linh ÄÃ´ng, P. Linh ÄÃ´ng, TP. Thá»§ Äá»©c. + Tá»•ng Diá»‡n tÃ­ch: 140,6mÂ². HÆ°á»›ng TÃ¢y Báº¯c, sá»• há»“ng 2019 (2 LÃ´ liá»n ká» CÃ³ 2 Sá»• riÃªng). Thá»­a Ä‘áº¥t 988: 54,6mÂ². 100% thá»• cÆ°. Thá»­a Ä‘áº¥t 990: 71mÂ² thá»• cÆ° + 15mÂ² Ä‘áº¥t cÃ¢y lÃ¢u nÄƒm. + ÄÆ°á»ng trÆ°á»›c nhÃ  5m. Thuá»™c dá»± Ã¡n má»Ÿ rá»™ng ÄÆ°á»ng 13m = Äáº¥t sáº½ cÃ³ máº·t tiá»n hÆ¡n 11 ngang. + Khu dÃ¢n cÆ° hiá»‡n há»¯u, tiá»‡n thiáº¿t káº¿ xÃ¢y má»›i, phÃ¹ há»£p cÃ¡c gia Ä‘Ã¬nh tráº» nÄƒng Ä‘á»™ng. + Vá»‹ trÃ­ khu vá»±c trung tÃ¢m TP Thá»§ Äá»©c. SÃ¡t trá»¥c ...","Thá»§ Äá»©c, Há»“ ChÃ­ Minh"
"BÃ¡n ráº» Ä‘áº¥t tÃ¡i Ä‘á»‹nh cÆ° ngay Quáº£ng trÆ°á»ng biá»ƒn Sáº§m SÆ¡n, Ä‘i bá»™ 300m ra bÃ£i biá»ƒn Sáº§m SÆ¡n.",GiÃ¡ thá»a thuáº­n,90 mÂ²,"- LÃ´ Ä‘áº¥t tÃ¡i Ä‘á»‹nh cÆ°, cÃ³ sá»• Ä‘á»: máº·t tiá»n 5m, quay máº·t ra Ä‘Ã i phun nÆ°á»›c cá»§a Quáº£ng TrÆ°á»ng Sáº§m SÆ¡n, xÃ¢y tá»± do, tá»« 4 táº§ng trá»Ÿ xuá»‘ng, khÃ´ng giá»›i háº¡n thá»i gian xÃ¢y dá»±ng. - Äi bá»™ 300m ra bÃ£i C, 100m ra Ä‘Ã i phun nÆ°á»›c cá»§a Quáº£ng TrÆ°á»ng biá»ƒn Ä‘áº§y tiá»m nÄƒng. - GiÃ¡ chá»‰ 3* tháº¥p nháº¥t máº·t báº±ng táº¡i Ä‘Ã¢y, chÃ­nh chá»§ khÃ´ng qua trung gian. ThÃ­ch há»£p cho cáº£ ngÆ°á»i cÃ³ nhu cáº§u á»Ÿ vÃ  cÃ¡c nhÃ  Ä‘áº§u tÆ°. * Vá»‹ trÃ­ Ä‘áº¥t vÃ ng ngay bÃ£i biá»ƒn Sáº§m SÆ¡n cÃ ng dáº§n cÃ ng Ã­t, cÆ¡ há»™i lá»›n cho cÃ¡c...","Sáº§m SÆ¡n, Thanh HÃ³a"
Quá»¹ hÃ ng chuyá»ƒn nhÆ°á»£ng bÃ¡n Cáº¯t lá»— táº¡i Vinhomes Ocean Park 2 thÃ¡ng 12/2023. Hotline: 0815 805 ***,"7,75 tá»·",91 mÂ²,"Nháº­n nhÃ  má»›i, á»Ÿ ngay cÃ¹ng Vinhomes Ocean Park 2 - thÃ¡ng 12/2023! Quá»¹ cÄƒn Liá»n ká», Biá»‡t thá»±, Shophouse bÃ¡n Cáº¯t lá»— táº¡i Vinhomes Ocean Park 2 thÃ¡ng 12/2023.- Quá»¹ Shophouse kinh doanh trá»¥c chÃ­nh Ä‘Æ°á»ng lá»›n: Shophouse 70mÂ² Ä‘Æ°á»ng 20m, tiá»m nÄƒng kinh doanh tá»‘t bÃ¡n 7.7 tá»· (bao phÃ­). Shophouse 80mÂ² Ä‘Æ°á»ng 20m, tiá»m nÄƒng kinh doanh tá»‘t bÃ¡n 8,3 tá»· (bao phÃ­). Shophouse 80mÂ² Ä‘Æ°á»ng lá»›n 30m (ÄÆ°á»ng Äáº¡i DÆ°Æ¡ng) giÃ¡ tá»« 11,5 tá»· (bao phÃ­). Shophouse 109mÂ² (6 táº§ng, mt 5...","VÄƒn Giang, HÆ°ng YÃªn"
NhÃ  phá»‘ thÆ°Æ¡ng máº¡i Vinhomes Æ°u Ä‘Ã£i lÃªn Ä‘áº¿n 39%,GiÃ¡ thá»a thuáº­n,"461,7 mÂ²","ThÆ°a quÃ½ anh chá»‹ khÃ¡ch hÃ ng vÃ  quÃ½ nhÃ  Ä‘áº§u tÆ°. - Trong bá»‘i cáº£nh cÃ¡c kÃªnh Ä‘áº§u tÆ° nhÆ°: VÃ ng, chá»©ng khoÃ¡n, tiá»n sá»‘... Thiáº¿u sá»± á»•n Ä‘á»‹nh, áº©n chá»©a nhiá»u rá»§i ro cÅ©ng nhÆ° khÃ´ng dÃ nh cho cÃ¡c nhÃ  Ä‘áº§u tÆ° chuyÃªn nghiá»‡p. Äá»“ng thá»i lÃ£i suáº¥t huy Ä‘á»™ng tiáº¿t kiá»‡m liÃªn tá»¥c giáº£m, Ä‘iá»ƒn hÃ¬nh nhÆ° BIDV Ä‘Ã£ láº§n thá»© 3 liÃªn tiáº¿p giáº£m trong thÃ¡ng 12/2024, thÃ¬ báº¥t Ä‘á»™ng sáº£n váº«n lÃ  nÆ¡i giá»¯ giÃ¡ trá»‹ tÃ i sáº£n, trÃº áº©n tiá»n an toÃ n nháº¥t, vÃ  Ä‘áº·c biá»‡t náº¿u Báº¥t Ä‘á»™ng sáº£n Ä‘Ã³ cÃ³ thá»ƒ sinh ra...","Quáº­n 9, Há»“ ChÃ­ Minh"
"Cáº¯t lá»— sÃ¢u: Trá»¥c chÃ­nh BÃ¬nh YÃªn cÃ¡ch TL 420 chá»‰ 500m, giÃ¡ 15,5tr/m2, cÃ¡ch ÄH Quá»‘c Gia, FPT 1,5km",940 triá»‡u,"60,9 mÂ²","Ráº» hÆ¡n thá»‹ trÆ°á»ng 5 giÃ¡, TÃ´i chÃ­nh chá»§ cáº§n bÃ¡n gáº¥p lÃ´ Ä‘áº¥t diá»‡n tÃ­ch 60,9mÂ², 15,5tr/mÂ², full thá»• cÆ°. ThÃ´ng tin chi tiáº¿t: CÃ¡ch Äáº¡i Há»c Quá»‘c Gia, ÄH FPT, khu CÃ´ng Nghá»‡ cao 1,5km, cÃ¡ch 500m Ä‘áº§y Ä‘á»§ tiá»‡n Ã­ch. + Vá»‹ trÃ­: ThÃ´n Sen TrÃ¬, XÃ£ BÃ¬nh YÃªn, Huyá»‡n Tháº¡ch Tháº¥t váº«n náº±m trong vÃ¹ng quy hoáº¡ch phÃ¡t triá»ƒn cá»§a HÃ²a Láº¡c. + CÃ¡ch trá»¥c Ä‘Æ°á»ng Tá»‰nh Lá»™ 420 chá»‰ 500m má»›i Ä‘Æ°á»£c má»Ÿ rá»™ng 24m. + ÄÆ°á»ng Tá»‰nh Lá»™ 420 Ä‘Æ°á»£c phÃª duyá»‡t Quy hoáº¡ch chi tiáº¿t 1/500 má»Ÿ rá»™ng tá»« 2013. + ...","Tháº¡ch Tháº¥t, HÃ  Ná»™i"
ChuyÃªn bÃ¡n cÄƒn há»™ Vinhomes Central Park & Landmark 81 giÃ¡ tá»‘t nháº¥t (1-2-3-4 PN Penthouse),"4,6 tá»·",85 mÂ²,"Sáº¯p Ä‘áº¿n táº¿t chÃ­nh chá»§ cáº§n bÃ¡n nhá»¯ng cÄƒn giÃ¡ tá»‘t nháº¥t giÃ¡ ngá»™p cáº§n bÃ¡n nhanh, mua Ä‘áº§u tÆ° sinh lá»i hay Ä‘á»ƒ á»Ÿ táº­n hÆ°á»Ÿng há»‡ sinh thÃ¡i cá»§a Vinhomes báº­c nháº¥t SÃ i GÃ²n táº­n tÃ¢m vÃ  chuyÃªn nghiá»‡p, hÃ£y liÃªn há»‡ mua hoáº·c thuÃª nhÃ  má»™t cÃ¡ch tá»± tin. Äiá»‡n thoáº¡i: 0909 638 ***GiÃ¡ BÃ¡n & diá»‡n tÃ­ch cÄƒn há»™: - 1 phÃ²ng ngá»§: - diá»‡n tÃ­ch (36m, 50m, 52m, 55m, 56m). - CÄƒn há»™ Studio 36m: 3tá»·3 - 3tá»·3. Loáº¡i Officetel (OT) cÃ³ thá»ƒ á»Ÿ hoáº·c lÃ m vÄƒn phÃ²ng giÃ¡ tá»«: 3 tá»· - 3,65 tá»·. Loáº¡i sá»Ÿ...","BÃ¬nh Tháº¡nh, Há»“ ChÃ­ Minh"
"Tá»•ng há»£p quá»¹ cÄƒn há»™ 1PN, 2PN, 3PN, 4PN, duplex, chá»§ nhÃ  gá»­i bÃ¡n táº¡i Royal City, LH: 0365 691 ***",GiÃ¡ thá»a thuáº­n,131 mÂ²,"Ra máº¯t quá»¹ cÄƒn há»™ chá»§ nhÃ  gá»­i bÃ¡n má»›i nháº¥t táº¡i Royal City.1) TÃ²a R1 vÃ  TÃ²a R2. - CÄƒn 88,3mÂ², ban cÃ´ng TB, giÃ¡ tá»« 4,5 tá»·, view thÃ nh phá»‘. - CÄƒn 96,3mÂ², ban cÃ´ng ÄB, giÃ¡ tá»« 4,8 tá»·, full Ä‘á»“ Ä‘áº¹p cáº£ 3 phÃ²ng thoÃ¡ng sÃ¡ng, view bá»ƒ bÆ¡i. - CÄƒn 109mÂ², ban cÃ´ng ÄN, giÃ¡ tá»« 4,9 tá»·, view khuÃ´n viÃªn. - CÄƒn 109mÂ², thiáº¿t káº¿ 3 ngá»§, giÃ¡ tá»« 5.5 tá»·, view thÃ nh phá»‘. - CÄƒn 110mÂ² ban cÃ´ng ÄN giÃ¡ bÃ¡n 4,9 - 5.5 tá»·, view bá»ƒ bÆ¡i, full Ä‘á»“. - CÄƒn 114.5mÂ², ban cÃ´ng TÃ¢y Báº¯c, giÃ¡...","Thanh XuÃ¢n, HÃ  Ná»™i"
"Ban quáº£n lÃ½ dá»± Ã¡n Vinhomes quá»¹ cÄƒn thÃ¡ng 12 cáº¯t lá»— chÃ­nh chá»§ studio 1PN 2PN 3PN,miá»…n phÃ­ trung gian","1,4 tá»·",43 mÂ²,"Cáº­p nháº­t báº£ng giÃ¡ cÄƒn 1 - 2 - 3PN chung cÆ° Vinhomes Ocean Park. LH: 0969 812 ***. https://chuyennhuong-oceanpark.phongduan.com.vn 1. Báº£ng giÃ¡: + CÄƒn há»™ studio. - Diá»‡n tÃ­ch: 28 - 36mÂ² giÃ¡ full 980tr táº§ng 2, táº§ng 5, táº§ng 8, táº§ng 21, táº§ng 23. + CÄƒn há»™ 1 phÃ²ng ngá»§. - Diá»‡n tÃ­ch: 43mÂ², 53mÂ². - GiÃ¡ bÃ¡n: GiÃ¡ full 1,450 tá»· táº§ng 2, táº§ng 6, táº§ng 9, táº§ng 21, táº§ng 23. + CÄƒn há»™ 2 phÃ²ng ngá»§. - Diá»‡n tÃ­ch: 60mÂ². - GiÃ¡ bÃ¡n: GiÃ¡ full 1,680 tá»· táº§ng 6, táº§ng 16, táº§ng ...","Gia LÃ¢m, HÃ  Ná»™i"
"HÃ ng hiáº¿m trá»¥c chÃ­nh BÃ¬nh YÃªn cÃ¡ch TL420 chá»‰ 200m, giÃ¡ 18tr/m2 gáº§n ÄH FPT, cÃ¡ch CNC, ÄHQG chá»‰ 1km","1,08 tá»·",60 mÂ²,"ChÃ­nh chá»§ cáº§n bÃ¡n nhanh lÃ´ gÃ³c Ä‘áº¥t trá»¥c chÃ­nh Sen TrÃ¬, cÃ¡ch TL420 chá»‰ 200m, 3ph ra CNC vÃ  ÄHQG. * Tá»a láº¡c táº¡i xÃ£ BÃ¬nh YÃªn - Tháº¡ch Tháº¥t; cÃ¡ch vÃ nh Ä‘ai CNC chá»‰ 1 km. + Diá»‡n tÃ­ch: 60mÂ². + Máº·t tiá»n 5m. + GiÃ¡: 18tr/mÂ². ThÆ°Æ¡ng lÆ°á»£ng chÃ­nh chá»§. + PhÃ¡p lÃ½ sáºµn sá»•. - CÃ¡ch trung tÃ¢m HÃ  Ná»™i 20ph lÃ¡i xe. - Cáº¡nh khu TMDV, Ä‘áº¥t y táº¿, GD tiá»m nÄƒng cá»±c lá»›n. - CÃ¡ch Ä‘áº¡i há»c Quá»‘c Gia HÃ  Ná»™i 3ph lÃ¡i xe. - CÃ¡ch TL420 rá»™ng 24m sáº§m uáº¥t chá»‰ vÃ i bÆ°á»›c chÃ¢n. - ÄÆ°á»ng 2 xe trÃ¡...","Tháº¡ch Tháº¥t, HÃ  Ná»™i"
Thanh lÃ½ 16 cÄƒn Lumiere Riverside do khÃ¡ch hÃ ng máº¥t kháº£ nÄƒng thanh toÃ¡n. LiÃªn há»‡ Mr Hiáº¿u 0932 700 ***,"6,2 tá»·",76 mÂ²,"Xin chÃ o quÃ½ anh/chá»‹ quan tÃ¢m mua cÄƒn há»™ Lumiere Riverside táº¡i Quáº­n 2. Hiáº¿u Ä‘ang quáº£n lÃ½ cÃ¡c cÄƒn vá»›i Ä‘á»§ loáº¡i diá»‡n tÃ­ch vÃ  giÃ¡ tá»‘t vá»›i tiÃªu chÃ­ lÃ m viá»‡c nhanh nháº¥t: - VÄƒn phÃ²ng táº¡i dá»± Ã¡n, luÃ´n cÃ³ Ä‘á»™i ngÅ© há»— trá»£ 24/24 (ká»ƒ cáº£ tá»‘i muá»™n). - Sáºµn nhiá»u chÃ¬a khÃ³a cÃ¡c loáº¡i diá»‡n tÃ­ch, xem Ä‘Ãºng yÃªu cáº§u khÃ¡ch hÃ ng. - Xem nhÃ  ngay, khÃ´ng cáº§n háº¹n trÆ°á»›c.LiÃªn há»‡ cÃ¡ nhÃ¢n: 0932 700 ***Mr. Hiáº¿u) - call/zalo. Hotline khÃ´ng ngá»§: 0911 745 *** (24/24) - call/zalo.- Q...","Quáº­n 2, Há»“ ChÃ­ Minh"
"Háº¡ giÃ¡ bÃ¡n ráº¥t gáº¥p cÄƒn há»™ 1 PN Vinhomes Central Park, Sá»Ÿ há»¯u vÄ©nh viá»…n, ná»™i tháº¥t cao cáº¥p","4,2 tá»·",51 mÂ²,"Chá»§ káº¹t tiá»n gá»­i cty em Ä‘á»™c quyá»n bÃ¡n gáº¥p cÄƒn 1 phÃ²ng ngá»§,  Vinhomes Central Park, full ná»™i tháº¥t má»›i Ä‘áº¹p nhÆ° hÃ¬nh - GiÃ¡ chá»‰ 4.2 tá»· bao thuáº¿ phÃ­, nhÃ  Ä‘Ã£ cÃ³ sá»• sang tÃªn nhanh gá»n.  - CÄƒn há»™ sá»Ÿ há»¯u vÄ©nh viá»…n, hÆ°á»›ng mÃ¡t máº», layout Ä‘áº¹p, thoÃ¡ng mÃ¡t - Tiá»‡n Ã­ch Ä‘áº³ng cáº¥p: Báº¿n du thuyá»n, khu BBQ, há»“ bÆ¡i, gym(free), spa, khu vui chÆ¡i mua sáº¯m báº­c nháº¥t SÃ i ThÃ nh, bá»‡nh viá»‡n, trÆ°á»ng há»c quá»‘c táº¿, khu thá»ƒ thao ngoÃ i trá»i, cÃ´ng viÃªn 17ha... - LiÃªn há»‡ ngay Huyá»n 09...","BÃ¬nh Tháº¡nh, Há»“ ChÃ­ Minh"
"BÃ¡n NhÃ  Phá»‘, Äáº¥t Lá»›n Tiá»‡n XÃ¢y Cao á»c, KhÃ¡ch Sáº¡n Quáº­n 1, Quáº­n 3 GiÃ¡ Ráº»",230 tá»·,400 mÂ²,"BÃ¡n nhÃ  máº·t tiá»n Tráº§n HÆ°ng Äáº¡o, PhÆ°á»ng Cáº§u Kho, Quáº­n 1. Diá»‡n tÃ­ch: 18x20, cÃ´ng nháº­n 340m, giÃ¡ 220 Tá»¶. BÃ¡n nhÃ  máº·t tiá»n Nguyá»…n TrÃ£i, PhÆ°á»ng Báº¿n ThÃ nh, Quáº­n 1. Diá»‡n tÃ­ch: 20x30, cÃ´ng nháº­n 600m, giÃ¡ 620 Tá»¶. BÃ¡n nhÃ  máº·t tiá»n LÃª Lai, PhÆ°á»ng Báº¿n ThÃ nh, Quáº­n 1. Diá»‡n tÃ­ch: 18x30, cÃ´ng nháº­n 480m, giÃ¡ 420 Tá»¶. BÃ¡n nhÃ  máº·t tiá»n LÃ½ Tá»± Trá»ng, PhÆ°á»ng Báº¿n ThÃ nh, Quáº­n 1. Diá»‡n tÃ­ch: 17x40, cÃ´ng nháº­n 680m, giÃ¡ 620 Tá»¶. BÃ¡n nhÃ  máº·t tiá»n Nguyá»…n Du, PhÆ°á»ng Báº¿n ThÃ nh, Q...","Quáº­n 1, Há»“ ChÃ­ Minh"
"BÃ¡n KhÃ¡ch Sáº¡n Trung TÃ¢m Quáº­n 1, Quáº­n 3 GiÃ¡ Ráº»",320 tá»·,220 mÂ²,"BÃ¡n KhÃ¡ch Sáº¡n máº·t tiá»n SÆ°Æ¡ng Nguyá»‡t Ãnh, Quáº­n 1. Diá»‡n tÃ­ch: 24x40, cÃ´ng nháº­n 930m, xÃ¢y 1háº§m, 10 táº§ng,  100 PhÃ²ng, giÃ¡ 820 Tá»¶. BÃ¡n KhÃ¡ch Sáº¡n máº·t tiá»n BÃ¹i Thá»‹ XuÃ¢n, Quáº­n 1. Diá»‡n tÃ­ch: 20x40, cÃ´ng nháº­n 800m, xÃ¢y 1háº§m, 16táº§ng,  130 PhÃ²ng, giÃ¡ 1620 Tá»¶. BÃ¡n KhÃ¡ch Sáº¡n máº·t tiá»n LÃ½ Tá»± Trá»ng, Quáº­n 1. Diá»‡n tÃ­ch: 24x20, cÃ´ng nháº­n 480m, xÃ¢y 1háº§m, 12 táº§ng,  90 PhÃ²ng, giÃ¡ 1520 Tá»¶. BÃ¡n KhÃ¡ch Sáº¡n máº·t tiá»n TrÆ°Æ¡ng Äá»‹nh, Quáº­n 1. Diá»‡n tÃ­ch: 12x20, cÃ´ng nháº­n 230m, xÃ¢y...","Quáº­n 1, Há»“ ChÃ­ Minh"
"BÃ¡n ToÃ  NhÃ , Cao á»c VÄƒn PhÃ²ng Quáº­n 1, Quáº­n 3 GiÃ¡ Ráº»",190 tá»·,200 mÂ²,"BÃ¡n toÃ  nhÃ , cao á»‘c vÄƒn phÃ²ng máº·t tiá»n Tráº§n HÆ°ng Äáº¡o, Quáº­n 1. Diá»‡n tÃ­ch: 18x20, cÃ´ng nháº­n 340m, xÃ¢y 1háº§m, 10 táº§ng, giÃ¡ 220 Tá»¶. BÃ¡n toÃ  nhÃ , cao á»‘c vÄƒn phÃ²ng 2máº·t tiá»n Nguyá»…n TrÃ£i, Quáº­n 1. Diá»‡n tÃ­ch: 20x300, cÃ´ng nháº­n 600m, xÃ¢y 1háº§m, 14 táº§ng, giÃ¡ 720 Tá»¶. BÃ¡n toÃ  nhÃ , cao á»‘c vÄƒn phÃ²ng máº·t tiá»n Nam Ká»³ Khá»Ÿi NghÄ©a, Quáº­n 1. Diá»‡n tÃ­ch: 12x30, cÃ´ng nháº­n 360m, xÃ¢y 1háº§m, 10 táº§ng, giÃ¡ 420 Tá»¶. BÃ¡n toÃ  nhÃ , cao á»‘c vÄƒn phÃ²ng máº·t tiá»n PhÃ³ Äá»©c ChÃ­nh, Quáº­n 1. Diá»‡...","Quáº­n 1, Há»“ ChÃ­ Minh"
"BÃ¡n gáº¥p nhÃ  phá»‘ Camellia khu biá»‡t láº­p giÃ¡ 6,6tá»·. Xem nhÃ  ngay 24/7","6,6 tá»·",74 mÂ²,"ChÃ­nh chá»§ cáº§n tiá»n bÃ¡n gáº¥p cÄƒn nhÃ  phá»‘ cÃ³ 3 phÃ²ng ngá»§, 3 vá»‡ sinh. NhÃ  sáº¡ch sáº½ thoÃ¡ng mÃ¡t. Khu biá»‡t láº­p an ninh báº£o vá»‡, cÃ³ há»“ bÆ¡i, phÃ²ng gym, cÃ´ng viÃªn cÃ¢y xanh thoÃ¡ng mÃ¡t. Gia Ä‘Ã¬nh cÃ³ tráº» nhá», Ã´ng bÃ  sáº½ cÃ³ mÃ´i trÆ°á»ng sá»‘ng tá»‘t nÆ¡i Ä‘Ã¢y. GiÃ¡ bÃ¡n: 6,6 tá»· (Táº·ng lá»™c cho khÃ¡ch thiá»‡n chÃ­).Cáº§n tiá»n bÃ¡n gáº¥p giÃ¡ ráº». Nhá»¯ng cÄƒn khÃ¡ch bÃ¡n giÃ¡ 7,3tá»· - 8tá»· tuá»³ vá»‹ trÃ­. LiÃªn há»‡ em Ä‘á»ƒ xem nhÃ  ngay vÃ  biáº¿t thÃªm thÃ´ng tin. Em á»Ÿ khu Camellia nÃªn xem nhÃ  lÃºc nÃ o cÅ©ng Ä‘...","BÃ¬nh ChÃ¡nh, Há»“ ChÃ­ Minh"
"Trá»±c tiáº¿p CÄT Nam CÆ°á»ng 24 cÄƒn BT phÃ¢n khu An QuÃ½ - máº·t LÃª Quang Äáº¡o kÃ©o dÃ i cÃ¡ch vÃ nh Ä‘ai 3,5 200m","28,92 tá»·",180 mÂ²,"An QuÃ½ lÃ  1 trong 2 phÃ¢n náº±m trÃªn máº·t Ä‘Æ°á»ng LQD kÃ©o dÃ i táº¡i KÄT DÆ°Æ¡ng Ná»™i A cá»§a Táº­p Ä‘oÃ n Nam CÆ°á»ng vÃ  lÃ  phÃ¢n khu gáº§n Ä‘Æ°á»ng VÃ nh Ä‘ai 3,5-LÃª Trá»ng Táº¥n nháº¥t.Hiá»‡n CÄT Ä‘ang cÃ³ giá» 24 cÄƒn má»›i, vá»‹ trÃ­ vÃ  giÃ¡ ráº¥t Ä‘a dáº¡ng. ThÃ¡ng 4/2024 dá»± kiáº¿n thÃ´ng xe ká»¹ thuáº­t Ä‘Æ°á»ng LÃª Quang Äáº¡o kÃ©o dÃ i, káº¿t ná»‘i trá»ng yáº¿u Quáº­n Nam Tá»« LiÃªm vÃ  Quáº­n HÃ  ÄÃ´ng nÃªn káº¿t há»£p vá»›i lá»£i tháº¿ gáº§n vÃ nh Ä‘ai 3,5 nháº¥t thÃ¬ An QuÃ½ chÃ­nh xÃ¡c lÃ  phÃ¢n khu Ä‘Ã¡ng Ä‘áº§u tÆ° nháº¥t táº¡i KÄT DÆ°Æ¡ng Ná»™i A h...","HÃ  ÄÃ´ng, HÃ  Ná»™i"
"Full giá» hÃ ng 1PN 2PN 3PN Lumiere Riverside, giÃ¡ tá»‘t nháº¥t thá»‹ trÆ°á»ng nháº­n nhÃ  ngay. Call 0965 431 ***","6,1 tá»·",77 mÂ²,"Xin chÃ o quÃ½ khÃ¡ch hÃ ng Ä‘ang quan tÃ¢m mua, thuÃª cÄƒn há»™ Lumiere Riverside táº¡i Quáº­n 2.CÃ´ng ty chÃºng tÃ´i quáº£n lÃ½ full giá» hÃ ng hÆ¡n 998 cÄƒn há»™ mua bÃ¡n cho thuÃª Ä‘á»§ loáº¡i diá»‡n tÃ­ch vÃ  giÃ¡ tá»‘t, Ä‘i xem nhÃ  Ä‘Æ°á»£c ngay GiÃ¡ tá»‘t nháº¥t, chÃ­nh xÃ¡c vÃ  cáº­p nháº­t liÃªn tá»¥c.- CÄƒn 1 phÃ²ng ngá»§ (50m). GiÃ¡ bÃ¡n: GiÃ¡ tá»« 5,050 tá»· view city, quáº­n 1, há»“ bÆ¡i ná»™i khu. GiÃ¡ bÃ¡n tá»« 5,3 tá»· view sÃ´ng.- CÄƒn 2 phÃ²ng ngá»§ (72mÂ² - 77mÂ²). GiÃ¡ bÃ¡n tá»« 6,1 tá»· view thÃ nh phá»‘, Quáº­n 1, Quáº­n 2 Thá»§...","Quáº­n 2, Há»“ ChÃ­ Minh"
MÃ¬nh LÃ  chá»§ nhÃ  khÃ´ng pháº£i mÃ´i giá»›i cuá»‘i nÄƒm cáº§n tiá»n kinh doanh nÃªn cáº§n bÃ¡n gáº¥p,"5,6 tá»·",83 mÂ²,"MÃ¬nh LÃ  chá»§ nhÃ  khÃ´ng pháº£i mÃ´i giá»›i cuá»‘i nÄƒm cáº§n tiá»n kinh doanh nÃªn cáº§n bÃ¡n gáº¥p. TÃ²a Center Point 27 LÃª VÄƒn LÆ°Æ¡ng 3PN nhÃ  Ä‘áº¹p full ná»™i tháº¥t. NhÃ  tháº­t giÃ¡ tháº­t ko Ä‘Äƒng áº£o. CÄƒn há»™ cÃ³ diá»‡n tÃ­ch 100mÂ² tim tÆ°á»ng. ThÃ´ng thá»§y 82,6mÂ². Thiáº¿t káº¿ 3 phÃ²ng ngá»§, 2wc, phÃ²ng khÃ¡ch, báº¿p, ban cÃ´ng thoÃ¡ng mÃ¡t. NhÃ  má»›i bÃ n giao Ä‘áº¹p, ná»™i tháº¥t Ä‘áº§y Ä‘á»§ khÃ´ng pháº£i sáº¯m thÃªm gÃ¬, tÃ²a nhÃ  náº±m á»Ÿ vá»‹ trÃ­ trung tÃ¢m giao thÃ´ng thuáº­n tiá»‡n. NgÃ£ tÆ° HoÃ ng Äáº¡o ThÃºy - LÃª VÄƒn LÆ°Æ¡ng. Ta...","Thanh XuÃ¢n, HÃ  Ná»™i"
"Quá»¹ cÄƒn giÃ¡ tá»‘t cuá»‘i cÃ¹ng Masteri 1PN + 2PN, 2PN +, 3PN chá»‰ 3tá»·8 á»Ÿ ngay T12/2023 - CK20% - 900tr","3,8 tá»·",68 mÂ²,"Quá»¹ cÄƒn giÃ¡ tá»‘t cuá»‘i cÃ¹ng Masteri West Heights 1PN + 2PN, 2PN + 3PN chá»‰ 3 tá»· 8 á»Ÿ ngay T12/2023 - CK 20% miá»…n gá»‘c lÃ£i - 900 tr GTCH LH/Zalo/Call: 0968 641 ***. CÃ³ 4 loáº¡i hÃ¬nh TK cho anh/ chá»‹ lá»±a chá»n:* CÄƒn há»™ Studio: - Diá»‡n tÃ­ch tá»« 28mÂ² - 33mÂ².* CÄƒn 1PN + 1: - Diá»‡n tÃ­ch tá»« 43mÂ² - 47mÂ². - Thiáº¿t káº¿ gá»“m 1PN + 1 khÃ´ng gian Ä‘a nÄƒng, WC, báº¿p, phÃ²ng khÃ¡ch, ban cÃ´ng rá»™ng, thoÃ¡ng mÃ¡t.* CÄƒn 2PN: - Diá»‡n tÃ­ch tá»« 54mÂ² - 64mÂ². - Gá»“m 2PN, 2WC + 1 khÃ´ng gian Ä‘a n...","Nam Tá»« LiÃªm, HÃ  Ná»™i"
Vá»£ chá»“ng tÃ´i cáº§n bÃ¡n gáº¥p cÄƒn biá»‡t thá»± song láº­p Starlake. CÄƒn gÃ³c - View vÆ°á»n hoa. GiÃ¡ tá»‘t !,GiÃ¡ thá»a thuáº­n,240 mÂ²,"ThÃ´ng tin chi tiáº¿t : - Diá»‡n tÃ­ch 240m ( CÄƒn gÃ³c, view vÆ°á»n hoa, 1 trong nhá»¯ng cÄƒn song láº­p Ä‘áº¹p nháº¥t dá»± Ã¡n ) - NhÃ  xÃ¢y 3 táº§ng + 1 tum. - XÃ¢y thÃ´ hoÃ n thiá»‡n bÃªn ngoÃ i. - NhÃ  tÃ´i Ä‘Ã£ cÃ³ sá»• Ä‘á».LiÃªn há»‡ xem nhÃ : 0346 213 ***","TÃ¢y Há»“, HÃ  Ná»™i"
"BÃ¡n Mega Grand World HÃ  Ná»™i vá»‘n 7.5 tá»· nháº­n tiá»n thuÃª 85tr/thÃ¡ng nháº­n xe 2,1 tá»· vay 70% LS 0% 2 nÄƒm","17,3 tá»·",130 mÂ²,"BÃ¡n Shop Mega Grand World HÃ  Ná»™i, shop 5 táº§ng, Ä‘ang cho cÃ¡c thÆ°Æ¡ng hiá»‡u lá»›n thuÃª, vá»‹ trÃ­ Ä‘áº¹p, khai thÃ¡c DÃ²ng tiá»n cao, bá»n vá»¯ng. - CÄƒn 96mÂ² xÃ¢y 5 táº§ng trá»¥c Ä‘Æ°á»ng 26m, ""Kem Dá»«a Báº¿n Tre"" Ä‘ang thuÃª 36tr/ thÃ¡ng - GiÃ¡ bÃ¡n 12tá»· (Vá»‘n 3.6 tá»·). - CÄƒn 126mÂ² xÃ¢y 5 táº§ng, tuyáº¿n phá»‘ Ä‘i bá»™ chÃ­nh, ""TrÃ  sá»¯a Mixue"" Ä‘ang thuÃª 58tr/ thÃ¡ng - GiÃ¡ bÃ¡n 17.300 tá»· (Vá»‘n 5.1 tá»·). - CÄƒn 120mÂ² xÃ¢y 5 táº§ng, CÄƒn máº·t sÃ´ng, ""F1 Enter"" Ä‘ang thuÃª 68tr/thÃ¡ng - GiÃ¡ bÃ¡n 20 tá»· (Vá»‘n 6 tá»·...","VÄƒn Giang, HÆ°ng YÃªn"
"Äá»™c quyá»n cÄƒn vip shophouse 2 máº·t tiá»n Mega Grand World - Vinhomes Ocean Park 2,3","20,98 tá»·",96 mÂ²,"* PT.TV-48, cÄƒn quáº£ng trÆ°á»ng duy nháº¥t cÃ²n sÃ³t láº¡i. - Máº·t tiá»n: 7m, 2 máº·t tiá»n, view sÃ´ng. - Diá»‡n tÃ­ch XD táº§ng 1: 92,8mÂ². - Tá»•ng DTXD: 476,3mÂ², 5 táº§ng + 1 tum. + GiÃ¡: 23,386 tá»·. - Vá»‘n tá»± cÃ³ 7,09 tá»·. - NgÃ¢n hÃ ng giáº£i ngÃ¢n: 16,295 tá»· (miá»…n lÃ£i + gá»‘c 22 thÃ¡ng). + Nháº­n cam káº¿t tiá»n thuÃª: 2,651 tá»· trong 30 thÃ¡ng, 88,3tr/1 thÃ¡ng. + GiÃ¡ thanh toÃ¡n sá»›m vÃ  nháº­n luÃ´n tiá»n thuÃª ck 19%: 19,042 tá»·. * Táº·ng xe VF9 trá»‹ giÃ¡ 2,5 tá»· cho chá»§ nhÃ¢n mua trong thÃ¡ng nÃ y....","VÄƒn Giang, HÆ°ng YÃªn"
"BÃ¡n Ä‘áº¥t ngay trung tÃ¢m TP. ÄÃ  Láº¡t - vá»‹ trÃ­ Ä‘áº¯c Ä‘á»‹a - nÆ¡i há»™i tá»¥ sá»©c máº¡nh phong thá»§y, máº·t tiá»n 7m",88 tá»·,1.089 mÂ²,"ChÃ­nh chá»§ cáº§n bÃ¡n lÃ´ Äáº¥t máº·t tiá»n trung tÃ¢m thÃ nh phá»‘ ÄÃ  Láº¡t, Ä‘áº¥t ná»Ÿ háº­u, hÃ¬nh dáº¡ng Ä‘á»u Ä‘áº¹p, mang láº¡i sá»± á»•n Ä‘á»‹nh vÃ  cÃ¢n báº±ng. - HÆ°á»›ng Ä‘áº¥t há»£p vá»›i ngÅ© hÃ nh, mang Ä‘áº¿n nguá»“n nÄƒng lÆ°á»£ng tÃ­ch cá»±c cho gia chá»§. - ThÃ­ch há»£p Ä‘áº§u tÆ° trung tÃ¢m thÆ°Æ¡ng máº¡i, building, khÃ¡ch sáº¡n 5 sao,...- Diá»‡n tÃ­ch thá»±c táº¿ 1089mÂ².- Hiá»‡n táº¡i Ä‘ang cho thuÃª vá»›i tá»· suáº¥t lá»£i nhuáº­n cho thuÃª cao so vá»›i khu vá»±c.- PhÃ¡p lÃ½: Äáº¥t sáº¡ch, rÃµ rÃ ng, khÃ´ng tranh cháº¥p. Giáº¥y tá» Ä‘á»™c láº­p. - Há»— trá»£ ...","ÄÃ  Láº¡t, LÃ¢m Äá»“ng"
Má»Ÿ bÃ¡n quá»¹ cÄƒn Ä‘áº¹p vÃ  giÃ¡ tá»‘t nháº¥t dá»± Ã¡n Mega Grand World CK 18% gá»i 0942 906 *** Ä‘á»ƒ Ä‘Æ°á»£c tÆ° váº¥n,GiÃ¡ thá»a thuáº­n,96 mÂ²,"- KÃ­nh chÃ o quÃ½ Anh/Chá»‹ khÃ¡ch hÃ ng. Hiá»‡n táº¡i bÃªn em vá»«a ra quá»¹ cÄƒn Ä‘á»™c quyá»n Ä‘áº¹p nháº¥t dá»± Ã¡n, Vá»‘n chá»‰ tá»« 3 tá»· khÃ¡ch hÃ ng Ä‘Ã£ sá»Ÿ há»¯u liá»n ká», biá»‡t thá»± náº±m táº¡i cÃ¡c vá»‹ trÃ­ Ä‘áº¯c Ä‘á»‹a vÃ  tiá»m nÄƒng kinh doanh cÅ©ng nhÆ° tÄƒng giÃ¡ ráº¥t tá»‘t.ChÃ­nh sÃ¡ch bÃ¡n hÃ ng khá»§ng vÃ  tá»‘t nháº¥t tá»« trÆ°á»›c Ä‘áº¿n nay chiáº¿t kháº¥u lÃªn Ä‘áº¿n 18%, ná»™p 20% nháº­n nhÃ  á»Ÿ luÃ´n, cÃ²n láº¡i 80% ngÃ¢n hÃ ng giáº£i ngÃ¢n khÃ´ng pháº£i tráº£ lÃ£i vÃ  gá»‘c lÃªn Ä‘áº¿n 24 thÃ¡ng, Ä‘Æ°á»£c táº·ng xe Ã´ tÃ´ Vinfat VF8 giÃ¡ 1,3 tá»· vÃ  VF...","VÄƒn Giang, HÆ°ng YÃªn"
"Äá»™c Quyá»n CÄƒn 2PN2WC Zenpark View Biá»‡t Thá»± Biá»ƒn Há»“ GiÃ¡ Chá»‰ HÆ¡n 2,9Tá»· Táº§ng Trung Äáº¹p Nháº­n NhÃ  á» LuÃ´n","2,9 tá»·","71,6 mÂ²","Duy nháº¥t cÄƒn 2PN2WC thuá»™c phÃ¢n khu The Zenpark vá»›i táº§m View Biá»ƒn Há»“ vÃ  Biá»‡t Thá»± Ä‘áº¹p nháº¥t dá»± Ã¡n ! *ThÃ´ng tin cÄƒn há»™ : - CÄƒn há»™ thiáº¿t káº¿ vá»›i khÃ´ng gian 2PN2WC riÃªng biá»‡t vÃ  thÃ´ng minh  - Diá»‡n tÃ­ch 71,6mÂ² ráº¥t rá»™ng rÃ£i Ä‘á»ƒ bá»‘ trÃ­ ná»™i tháº¥t theo sá»Ÿ thÃ­ch . - View hoa háº­u Ä‘á»™c vÃ  Ä‘áº¹p nháº¥t dá»± Ã¡n  - HÆ°á»›ng ban cÃ´ng ÄÃ´ng Báº¯c mÃ¡t máº»  - GiÃ¡ chá»‰ hÆ¡n 2,9Tá»· * ChÆ°Æ¡ng trÃ¬nh quÃ  táº·ng vÃ  chiáº¿t kháº¥u : - QuÃ  táº·ng ná»™i tháº¥t 330tr trá»« tháº³ng vÃ o giÃ¡  - QuÃ  táº·ng ban cÃ´ng xan...","Gia LÃ¢m, HÃ  Ná»™i"
ChuyÃªn chuyá»ƒn nhÆ°á»£ng CH Masteri Tháº£o Äiá»n ráº» hÆ¡n 300tr so vá»›i thá»‹ trÆ°á»ng - sá»• há»“ng. LH: 0906 574 ***,"4,3 tá»·",65 mÂ²,"* Há»— trá»£ xem nhÃ  miá»…n phÃ­ 24/7. * LiÃªn há»‡ ngay Ä‘á»ƒ Ä‘Æ°á»£c hÆ°á»›ng dáº«n chá»n cÄƒn nhÃ  vá»«a Ã½ nháº¥t: 0906 574 *** em Dung 24/7. * á» Ä‘Ã¢u giÃ¡ ráº», em cÃ³ giÃ¡ ráº» hÆ¡n. * Cam káº¿t: GiÃ¡ ráº» hÆ¡n thá»‹ trÆ°á»ng, tráº£ sÃ¡t giÃ¡ chá»§ nhÃ . Miá»…n sao khÃ¡ch hÃ ng Æ°ng Ã½, tÃ´i sáº½ Ä‘Æ°a má»©c giÃ¡ tháº¥p nháº¥t.Há»— trá»£ vay ngÃ¢n hÃ ng lÃªn Ä‘áº¿n 80% giÃ¡ trá»‹ cÄƒn há»™. Vá»‹ trÃ­ nhÃ  nÃ o cÅ©ng cÃ³, Ä‘áº£m báº£o giÃ¡ tháº¥p nháº¥t thá»‹ trÆ°á»ng. ChÃ¬a khÃ³a cÃ³ sáºµn do khÃ¡ch gá»­i, há»— trá»£ xem nhÃ  24/7 miá»…n phÃ­. Äáº·c biá»‡t: Há»— trá»£ há»“ sÆ¡...","Quáº­n 2, Há»“ ChÃ­ Minh"
"Tá»•ng há»£p quá»¹ cÄƒn 999 cÄƒn há»™ cáº¯t lá»— 200tr - 300tr 1PN, 2PN, 3PN thÃ¡ng 12 táº¡i Vinhomes Ocean Park","1,4 tá»·",46 mÂ²,Danh sÃ¡ch cÄƒn há»™ bÃ¡n ráº» nháº¥t táº¡i chung cÆ° Vinhomes Ocean Park cáº¯t lá»— tá»« 200tr - 300tr/cÄƒn. KÃ­nh gá»­i tá»›i quÃ½ khÃ¡ch thÃ´ng tin liÃªn quan Ä‘áº¿n cÄƒn há»™ Ä‘ang bÃ¡n táº¡i Vinhomes Ocean Park. ChuyÃªn viÃªn tÆ° váº¥n Vinhomes Ocean Park KiÃªn Cao Vinhomes 0976 342 ***ToÃ  thuá»™c phÃ¢n khu Sapphire S2.01 - S2.19 vÃ  S1.01 - S1.12. ToÃ  thuá»™c phÃ¢n khu Ruby The ZenPark R1.01 - R1.05. Xin gá»­i tá»›i anh/chá»‹ Ä‘ang quan tÃ¢m cÄƒn há»™ chung cÆ° Vinhomes Ocean Park danh sÃ¡ch cÄƒn há»™ bÃ¡n m...,"Gia LÃ¢m, HÃ  Ná»™i"
ChÃ­nh chá»§ bÃ¡n cÄƒn dual key view biá»ƒn tÃ²a S3 - tÃ²a cao cáº¥p nháº¥t dá»± Ã¡n - giÃ¡ chá»‰ 6.2 tá»·,"6,2 tá»·",63 mÂ²,"ChÃ­nh chá»§ bÃ¡n cÄƒn Dual Key view biá»ƒn (xem áº£nh vÃ  clip Ä‘i kÃ¨m). Dual Key lÃ  biáº¿n thá»ƒ cá»§a 2 cÄƒn há»™ studio ghÃ©p láº¡i thÃ nh 1, cÃ³ sáº£nh chá» chia ra phÃ²ng studio bÃªn trong cÄƒn há»™. CÄƒn dual key tiá»‡n cho gia Ä‘Ã¬nh thuÃª (á»Ÿ Ä‘Æ°á»£c 3 ngÆ°á»i/ phÃ²ng), nhÃ³m khÃ¡ch du lá»‹ch sáº½ khÃ´ng chá»‹u thuÃª 2 phÃ²ng á»Ÿ khÃ¡c táº§ng nhau. Vá»«a á»Ÿ vá»«a cho thuÃª tiá»‡n lá»£i. Loáº¡i cÄƒn duy nháº¥t cá»§a dá»± Ã¡n cÃ³ thá»ƒ láº¯p Ä‘Æ°á»£c camera trong cÄƒn há»™ nhá»¯ng khÃ´ng áº£nh hÆ°á»Ÿng sá»± riÃªng tÆ°, thuáº­n tiá»‡n quáº£n lÃ½ theo ...","PhÃº Quá»‘c, KiÃªn Giang"
Cáº§n ra 20 lÃ´ sá»• Ä‘á» tá»«ng ná»n giÃ¡ giáº£m sÃ¢u 50% á»Ÿ Báº£o LÃ¢m LÃ¢m Äá»“ng giÃ¡ 690/ná»n. LH 0938 105 ***,690 triá»‡u,150 mÂ²,"Cáº§n ra 20 lÃ´ sá»• Ä‘á» tá»«ng ná»n giÃ¡ giáº£m sÃ¢u 50%  Vá»‹ trÃ­ chÃ­nh xÃ¡c: Äá»©c Giang 1, xÃ£ Lá»™c Äá»©c, huyá»‡n Báº£o LÃ¢m, tá»‰nh LÃ¢m Äá»“ng. Äáº¥t ná»n nghÄ© dÆ°á»¡ng Diá»‡n tÃ­ch Äa dáº¡ng: tá»« 120mÂ², 150mÂ², 200mÂ²,... GiÃ¡ bÃ¡n Tá»« 690 triá»‡u/ ná»n ChÃ­nh sÃ¡ch thanh toÃ¡n linh hoáº¡t,cÃ´ng chá»©ng nháº­n sá»• ngay LiÃªn há»‡ CHá»¦ Äáº¤T THáº¬T: 0938 105 ***","Báº£o LÃ¢m, LÃ¢m Äá»“ng"
"Cáº¦n bÃ¡n 8 lÃ´ Ä‘Ã´i (16 lÃ´) á»Ÿ Long Äiá»n, BÃ  Rá»‹a VÅ©ng TÃ u giÃ¡ chá»‰ 1.79 tá»·/2 lÃ´ Sá»” Há»’NG RIÃŠNG","1,79 tá»·",233 mÂ²,"HÃ£y tham lam khi ngÆ°á»i khÃ¡c Ä‘ang sá»£ hÃ£i. (Warren Buffett). + Sá»• há»“ng cÃ³ thá»• cÆ° má»—i lÃ´ 100mÂ². + Cáº§n bÃ¡n 8 lÃ´ Ä‘Ã´i(16 lÃ´). + Vá»‹ trÃ­: ÄÆ°á»ng QL55, Long Äiá»n - TP. BÃ  Rá»‹a. + Xung quanh Ä‘Ã£ cÃ³ dÃ¢n á»Ÿ Ä‘Ã´ng Ä‘Ãºc, sÃ¡t Ä‘áº¥t dÃ¢n á»Ÿ Ä‘Ã´ng. + CÃ³ Ä‘áº§y Ä‘á»§ xung quanh vÃ  gáº§n: TrÆ°á»ng + chá»£ + Ä‘Æ°á»ng + bá»‡nh viá»‡n. Trung tÃ¢m hÃ nh chÃ­nh Long Äiá»n. Trung tÃ¢m hÃ nh chÃ­nh TP BÃ  Rá»‹a. + GiÃ¡: 1,79 tá»·/2lÃ´(giÃ¡ ráº» 50% thá»‹ trÆ°á»ng). LiÃªn há»‡ Ä‘á»ƒ Ä‘Æ°á»£c há»— trá»£ xem Ä‘áº¥t: 0938 105 *** MR ThÃ nh chÃ­...","Long Äiá»n, BÃ  Rá»‹a VÅ©ng TÃ u"
BÃ¡n cÄƒn 3PN - cÄƒn gÃ³c full kÃ­nh ká»‹ch sÃ n Ä‘áº¹p nháº¥t dá»± Ã¡n. Full ná»™i tháº¥t chá»‰ viá»‡c xÃ¡ch vali vá» á»Ÿ,GiÃ¡ thá»a thuáº­n,108 mÂ²,"CÄƒn 3PN. 108mÂ². Ban cÃ´ng ÄÃ´ng Nam mÃ¡t máº». Thiáº¿t káº¿ thÃ´ng minh. Full ná»™i tháº¥t cao cáº¥p. Chá»‰ viá»‡c xÃ¡ch Vali vá» á»Ÿ. CÄƒn gÃ³c, full kÃ­nh ká»‹ch sÃ n.","Thanh XuÃ¢n, HÃ  Ná»™i"
ChuyÃªn mua bÃ¡n-chuyá»ƒn nhÆ°á»£ng cÄƒn há»™ Vinhomes Central Park (1-2-3-4 phÃ²ng ngá»§-Penthouse L81),"8,5 tá»·",100 mÂ²,"Giá» hÃ ng náº¯m nhiá»u cÄƒn giÃ¡ ngá»™p cáº§n bÃ¡n gáº¥p cÃ³ thá»ƒ mua Ä‘áº§u tÆ° hoáº·c Ä‘á»ƒ á»Ÿ - Vui lÃ²ng liÃªn há»‡ 0945 476 *** Ä‘á»ƒ Ä‘Æ°á»£c há»— trá»£ tÆ° váº¥n nhanh nháº¥t.- CÄƒn há»™ Studio 36mÂ²: 3tá»·3 - 3tá»·3. - CÄƒn há»™ 1 PN 56mÂ²: + Officetel (OT) cÃ³ thá»ƒ á»Ÿ vÃ  lÃ m vÄƒn phÃ²ng: 3 tá»· - 3,8tá»·. + Sá»Ÿ há»¯u lÃ¢u dÃ i: 3ty8 - 4ty5. - CÄƒn há»™ 2 PN 62mÂ², 77mÂ², 85mÂ², 88mÂ², 92mÂ². + Officetel (OT) cÃ³ thá»ƒ á»Ÿ vÃ  lÃ m vÄƒn phÃ²ng: 4.5 tá»· 6 tá»·. + Sá»Ÿ há»¯u lÃ¢u dÃ i: 6 tá»· - 7.5 tá»·. - CÄƒn há»™ 3 PN 94mÂ², 100mÂ², 105mÂ², 115...","BÃ¬nh Tháº¡nh, Há»“ ChÃ­ Minh"
Quá»¹ cÄƒn lÃ´ shophouse Ä‘áº¹p giÃ¡ tá»‘t nháº¥t thá»‹ trÆ°á»ng Mega Grand World HÃ  Ná»™i. LH 0901 366 ***,GiÃ¡ thá»a thuáº­n,156 mÂ²,Hiá»‡n táº¡i bÃªn em Ä‘ang cÃ³ quá»¹ cÄƒn á»Ÿ má»i vá»‹ trÃ­ Ä‘áº¹p sáº½ phÃ¹ há»£p Ä‘áº¿n khÃ¡ch hÃ ng quan tÃ¢m Ä‘áº¿n Grand World HÃ  Ná»™i!GiÃ¡ tá»‘t nháº¥t táº¡i Mega Grand World HÃ  Ná»™i váº«n cÃ²n nhÃ©. DÃ nh cho khÃ¡ch VIP nhanh tay lá»±a chá»n! GiÃ¡ tá»« 10 - 30 tá»·/cÄƒn. 1. Quá»¹ cÄƒn GÃ³c trung tÃ¢m diá»‡n tÃ­ch xÃ¢y 100mÂ²/sÃ n - chiá»u cao 5 táº§ng vÃ  Ä‘Ã£ cÃ³ khÃ¡ch thuÃª 80 triá»‡u/thÃ¡ng. 2. Quá»¹ cÄƒn sáº» khe thoÃ¡ng bÃªn cáº¡nh gÃ³c xÃ¢y 112mÂ²/sÃ n Ä‘ang cho thuÃª 80 triá»‡u/thÃ¡ng. 3. Quá»¹ cÄƒn máº·t sÃ´ng Vencie diá»‡n tÃ­ch 80mÂ²...,"VÄƒn Giang, HÆ°ng YÃªn"
BÃ¡n cÄƒn Shophouse Máº·t SÃ´ng Venice giÃ¡ ráº» nháº¥t dá»± Ã¡n grandworld hÃ  ná»™i ! Cho thuÃª 70 triá»‡u/thÃ¡ng,15 tá»·,"393,6 mÂ²","ğŸŒ¹ Hiá»‡n táº¡i Em Ä‘ang cÃ³ quá»¹ cÄƒn Ä‘áº¹p giÃ¡ ráº¥t tá»‘t táº¡i tá»• há»£p thÆ°Æ¡ng máº¡i Mega Grandworld HÃ  Ná»™i !  1. Shophouse Phá»‘ TÃ¢y máº·t sÃ´ng venice trung tÃ¢m cÃ³ tá»•ng diá»‡n tÃ­ch xÃ¢y dá»±ng 394mÂ² cho thuÃª 70 triá»‡u/thÃ¡ng .  GiÃ¡ bÃ¡n ck tá»‘i Ä‘a : 15 tá»· tts ( GiÃ¡ Tá»‘t Nháº¥t Thá»‹ TrÆ°á»ng )  2. Shophouse cÄƒn gÃ³c ngay quáº£ng trÆ°á»ng piaza vÃ  trá»¥c Ä‘Æ°á»ng phá»‘ biá»ƒn 30m. Tá»•ng diá»‡n tÃ­ch xÃ¢y dá»±ng 317,6mÂ² cho thuÃª 75 triá»‡u/thÃ¡ng  GiÃ¡ bÃ¡n ck tá»‘i Ä‘a : 18.3 tá»· tts ( CÄƒn gÃ³c GiÃ¡ Tá»‘t )  3. HÃ m...","VÄƒn Giang, HÆ°ng YÃªn"
(GiÃ¡ má»m) Soha Land cáº­p nháº­t quá»¹ bÃ¡n cÄƒn há»™ chung cÆ° 1PN 2PN 3PN Vinhomes D'Capitale Tráº§n Duy HÆ°ng,"2,8 tá»·",60 mÂ²,"Cáº­p nháº­t quá»¹ cÄƒn má»›i nháº¥t - liÃªn há»‡ 0979 407 *** Ä‘á»ƒ chá»n mua Ä‘Æ°á»£c cÄƒn há»™ phÃ¹ há»£p, Æ°ng Ã½. Chung cÆ° cao cáº¥p Vinhomes D'Capitale 119 Tráº§n Duy HÆ°ng, phÆ°á»ng Trung HÃ²a, quáº­n Cáº§u Giáº¥y, HÃ  Ná»™i (náº±m ngay Ä‘á»‘i diá»‡n Big C ThÄƒng Long). * Váº­n hÃ nh vÃ  quáº£n lÃ½ bá»Ÿi Vinhomes.* Quá»¹ cÃ³ sá»• há»“ng/Ä‘á» lÃ¢u dÃ i: - 1PN 1PK, 1WC, 2 ban cÃ´ng, 57mÂ², trá»¥c duy nháº¥t táº¡i dá»± Ã¡n lÃ  1 ngá»§ cÃ³ sá»• Ä‘á»: (táº¡m thá»i háº¿t hÃ ng). - 2PN, 2WC, 2 ban cÃ´ng, 76mÂ²: 4.5 tá»· - full Ä‘á»“. - 2PN, 2WC, 2 ban c...","Cáº§u Giáº¥y, HÃ  Ná»™i"
"Cáº¯t lá»— 200tr lÃ´ gÃ³c giÃ¡ chá»‰ tá»« 10tr/m Ä‘áº¥t vuÃ´ng váº¯n á»Ÿ sen trÃ¬ bÃ¬nh yÃªn, tháº¡ch tháº¥t ÄÆ°á»ng 420",800 triá»‡u,68 mÂ²,"Äáº¥t sáºµn sá»•, phÃ¡p lÃ½ rÃµ rÃ ng, full thá»• cÆ°. - LÃ´ gÃ³c 2 máº·t tiá»n, vá»‹ trÃ­ trung tÃ¢m. Trá»¥c chÃ­nh Sen TrÃ¬. DT tá»« 68m Ä‘áº¿n 110m MT 5m, 7m GiÃ¡ chá»‰ tá»« 10tr/m - Chá»‰ máº¥t 5 phÃºt di chuyá»ƒn Ä‘áº¿n ÄHQG, FPT, khu cÃ´ng nghá»‡ cao. - Xung quanh nhiá»u nhÃ  trá», sinh viÃªn á»Ÿ Ä‘Ã´ng. - CÃ¡ch Ä‘Æ°á»ng 420 chá»‰ 500m, Ä‘Æ°á»ng tráº£i nhá»±a xe táº£i trÃ¡nh. - Gáº§n trÆ°á»ng máº§m non Song ngá»¯, cáº¥p 1, cáº¥p 2, nhÃ  vÄƒn hÃ³a, á»§y ban vÃ  hÃ nh chÃ­nh xÃ£.","Tháº¡ch Tháº¥t, HÃ  Ná»™i"
BÃN CÄ‚N Há»˜ VINHOMES GOLDEN RIVER 3PN 100M2 FULL NT GIÃ 13.5 Tá»¶ BAO PHÃ,"13,5 tá»·",100 mÂ²,"- Äia chá»‰: 2 TÃ´n Äá»©c Tháº¯ng, P. Báº¿n NghÃ©, Quáº­n 1, TP. HCM. - Diá»‡n tÃ­ch: 100m, 3PN, 2WC, ban cÃ´ng TÃ¢y nam thoÃ¡ng view nhÃ¬n xÃ©o sÃ´ng, tháº£o cáº§m viÃªn vÃ  Bitexco.- Ná»™i tháº¥t hoÃ n thiá»‡n cao cáº¥p sang trá»ng siÃªu má»›i vÃ  siÃªu Ä‘áº¹p. - PhÃ¡p lÃ½: sá»• há»“ng sá»Ÿ há»¯u vÄ©nh viá»…n.- GiÃ¡ bÃ¡n: 13.5 tá»·  (báº£o Ä‘áº£m giÃ¡ bÃ¡n tá»‘t nháº¥t so vá»›i cÃ¡c cÄƒn cÃ¹ng trá»¥c trÃªn thá»‹ trÆ°á»ng). - LiÃªn há»‡ tÆ° váº¥n: 0973 034 *** ÄÃ¬nh TÃ i (ChuyÃªn cÄƒn há»™ háº¡ng sang khu trung tÃ¢m quáº­n 1, Thá»§ ThiÃªm)","Quáº­n 1, Há»“ ChÃ­ Minh"
"QÅ©y CÄƒn 3 Ngá»§ 116m2 TÃ²a L2 Jardin De Joide GiÃ¡ Tá»« 4.6 Tá»·, Chiáº¿t Kháº¥u 7.5%, QuÃ  Táº·ng 120 Triá»‡u.","4,6 tá»·",116 mÂ²,"Chung CÆ° Le Grand Jardin Long BiÃªn trá»±c tiáº¿p chá»§ Ä‘áº§u tÆ° bÃ¡n cÄƒn 3 ngá»§, 2 vá»‡ sinh. Diá»‡n tÃ­ch 106mÂ² ThÃ´ng Thá»§y View thoÃ¡ng mÃ¡t. GiÃ¡ Tá»« 4.6 Tá»· LiÃªn há»‡ phÃ²ng kinh doanh Ä‘á»ƒ Ä‘Æ°á»£c há»— trá»£ tÆ° váº¥n. Hotline: 0962 961 ***ChÆ°a tá»«ng cÃ³ dá»± Ã¡n nÃ o cÃ³ chÃ­nh sÃ¡ch há»— trá»£ vay vÃ  Æ°u tá»‘t hÆ¡n dá»± Ã¡n Le Grand Jardin SÃ i Äá»“ng. - CÃ³ há»— trá»£ vay lÃ£i suáº¥t Æ°u Ä‘Ã£i 0% trong 15 thÃ¡ng náº¿u khÃ¡ch hÃ ng cÃ³ nhu cáº§u vay. - Hoáº·c chiáº¿t kháº¥u ngay 7.5% dÃ nh cho khÃ¡ch hÃ ng khÃ´ng vay. - Miá»…n ph...","Long BiÃªn, HÃ  Ná»™i"
"(GiÃ¡ yÃªu thÆ°Æ¡ng) chá»‰ 34tr/m2 sá»Ÿ há»¯u ngay cÄƒn Há»“ GÆ°Æ¡m Plaza 130m2 3PN 1ÄN, Chá»‰ 1,5 tá»·(30%)vÃ o á»Ÿ ngay","4,45 tá»·",130 mÂ²,"GiÃ¡ tá»‘t chá»‘t ngay cÄƒn 3PN vÃ  1 Ä‘a nÄƒng, 2WC táº¡i Há»“ GÆ°Æ¡m Plaza trung tÃ¢m HÃ  ÄÃ´ng, ngÃ£ tÆ° Tráº§n PhÃº - VÅ© Trá»ng KhÃ¡nh.Diá»‡n tÃ­ch 130mÂ² (3PN - 1ÄN - 2WC - 2 ban cÃ´ng). Chá»‰ 34 triá»‡u/mÂ² táº·ng Ä‘iá»u hÃ²a, tá»§ báº¿p, bÃ¬nh nÆ°á»›c nÃ³ng, cháº­u rá»­a bÃ¡t, thiáº¿t bá»‹ vá»‡ sinh, sen táº¯m, cá»­a gá»—,... ÄÃ³ng chá»‰ 1,5 tá»· (30%) nháº­n nhÃ  á»Ÿ ngay. Miá»…n lÃ£i trong 3 nÄƒm, cÃ³ slot Ä‘á»ƒ Ã” TÃ´. Bank há»— trá»£. LS 0% trong 18 thÃ¡ng. Vá»‹ trÃ­ vÃ ng: Trung tÃ¢m hÃ nh chÃ­nh cá»§a HÃ  ÄÃ´ng vá»›i 5 táº§ng ThÆ°Æ¡ng máº¡i ...","HÃ  ÄÃ´ng, HÃ  Ná»™i"
BÃ¡n cÄƒn máº·t sÃ´ng Venice giÃ¡ tá»‘t 14.1 tá»·. Cáº­p nháº­t quá»¹ cÄƒn Mega Grand World má»›i nháº¥t,"14,1 tá»·",120 mÂ²,"BÃ¡n cÄƒn shophouse khu The Venice - Mega Grand World HÃ  Ná»™i. View sÃ´ng, view thÃ¡p Ä‘á»“ng há»“ biá»ƒu tÆ°á»£ng Ä‘iá»ƒm nháº¥n cá»§a dá»± Ã¡n. - Diá»‡n tÃ­ch Ä‘áº¥t: 120mÂ². - Diá»‡n tÃ­ch xÃ¢y dá»±ng táº§ng 1: 78mÂ². - Tá»•ng diá»‡n tÃ­ch sÃ n xÃ¢y dá»±ng: 401m (cao 5.5 táº§ng). - GiÃ¡: 14.1 tá»·. Táº·ng thÃªm xe Ã´ tÃ´ VF8. * CÄƒn view sÃ´ng gáº§n quáº£ng trÆ°á»ng, gáº§n cáº§u HoÃ ng Gia. GiÃ¡: 14.9 tá»·. Táº·ng thÃªm xe Ã´ tÃ´. CÄƒn view Quáº£ng trÆ°á»ng hÃ ng limited nÆ¡i diá»…n ra cÃ¡c show diá»…n vÃ  lá»… há»™i. GiÃ¡: 19.354 tá»·. * Khu...","VÄƒn Giang, HÆ°ng YÃªn"
"BÃ¡n toÃ  nhÃ  xÃ¢y má»›i máº·t phá»‘ chÃ­nh sá»‘ 99 Ä‘Æ°á»ng XuÃ¢n Thuá»·, Cáº§u Giáº¥y, HÃ  Ná»™i",GiÃ¡ thá»a thuáº­n,400 mÂ²,"BÃ¡n toÃ  nhÃ  xÃ¢y má»›i máº·t phá»‘ chÃ­nh sá»‘ 99 Ä‘Æ°á»ng XuÃ¢n Thuá»·, Cáº§u Giáº¥y, HÃ  Ná»™i, Máº·t tiá»n 14m, diá»‡n tÃ­ch xÃ¢y dá»±ng 400mÂ²/ 1 táº§ng, Quy mÃ´ 2 táº§ng háº§m, 8 táº§ng ná»•i. Vá»›i tá»•ng diá»‡n tÃ­ch 4000mÂ² sÃ n xÃ¢y dá»±ng, thiáº¿t káº¿ thi cÃ´ng theo cÃ´ng nghá»‡ má»›i sÃ n vÆ°á»£t nhá»‹p thÃ´ng sÃ n hiá»‡n Ä‘áº¡i, phÃ¹ há»£p vá»›i má»i loáº¡i hÃ¬nh kinh doanh, sá»­ dá»¥ng nhÆ° Bá»‡nh viá»‡n, tháº©m má»¹ viá»‡n, ngÃ¢n hÃ ng, trung tÃ¢m Anh ngá»¯ vÃ  vÄƒn phÃ²ng cao cáº¥p. PhÃ¡p lÃ½ Ä‘áº§y Ä‘á»§ gá»“m: Sá»• Ä‘á» chÃ­nh chá»§, Ä‘Ã£ gáº¯n tÃ i sáº£n trÃªn Ä‘áº¥...","Cáº§u Giáº¥y, HÃ  Ná»™i"
BÃ¡n Gáº¥p Biá»‡t Thá»± - Shophouse khu Starlake TÃ¢y Há»“ TÃ¢y Má»›i nháº¥t thÃ¡ng 12/2023 GiÃ¡ tá»‘t nháº¥t thá»‹ trÆ°á»ng,GiÃ¡ thá»a thuáº­n,226 mÂ²,"BÃ¡n gáº¥p biá»‡t thá»± - Shophouse khu Ä‘Ã´ thá»‹ Starlake TÃ¢y Há»“ TÃ¢y. Cáº­p nháº­t má»›i nháº¥t thÃ¡ng 12/2023.LiÃªn há»‡ E. TÃ¹ng 0978 386 ***.1. Biá»‡t thá»± Ä‘Æ¡n láº­p cáº§n bÃ¡n. + Biá»‡t thá»± Ä‘Æ¡n láº­p khu H7 diá»‡n tÃ­ch 350m - 400m view há»“ starlake. GiÃ¡ thá»a thuáº­n. + Biá»‡t thá»± Ä‘Æ¡n láº­p khu K3 diá»‡n tÃ­ch 286m, nhÃ  nguyÃªn báº£n CÄT bÃ n giao. GiÃ¡ 470 tr/m. + Biá»‡t thá»± Ä‘Æ¡n láº­p K5 - K7 diá»‡n tÃ­ch 320m. NhÃ  nguyÃªn báº£n CÄT bÃ n giao. GiÃ¡ 460-480 tr/m. + Biá»‡t thá»± Ä‘Æ¡n láº­p K7 Vip 3 máº·t, diá»‡n tÃ­ch...","TÃ¢y Há»“, HÃ  Ná»™i"
"BÃ¡n nhanh nhiá»u cÄƒn há»™ Masterise Centre Point: 1 PN 2.9 tá»·, 2PN 3.65 tá»·, 3PN 5.5 tá»· T12/2023","3,65 tá»·",72 mÂ²,"Khu cÄƒn há»™ compound cao cáº¥p Masterise Ä‘ang Ä‘i vÃ o giai Ä‘oáº¡n nháº­n bÃ n giao (tá»« thÃ¡ng cuá»‘i 12/2023).Tuy nhiÃªn cÃ³ nhiá»u chá»§ nhÃ  cáº§n bÃ¡n gáº¥p vá»›i má»©c giÃ¡ tá»‘t.Hiá»‡n táº¡i bÃªn em Ä‘ang cÃ³ giá» hÃ ng nhá»¯ng cÄƒn giÃ¡ tá»‘t (mua tá»« Ä‘á»£t má»Ÿ bÃ¡n Ä‘áº§u tiÃªn, hoáº·c káº¹t tÃ i chÃ­nh cáº¯t lá»— sÃ¢u) chÃ­nh chá»§ gá»­i bÃ¡n. DÆ°á»›i Ä‘Ã¢y lÃ  má»©c giÃ¡ chuyá»ƒn nhÆ°á»£ng tá»‘t nháº¥t cá»§a cÃ¡c loáº¡i cÄƒn.Anh chá»‹ tham kháº£o vÃ  cáº§n thÃªm thÃ´ng tin chi tiáº¿t LH 0938 703 *** Ä‘á»ƒ Ä‘Æ°á»£c cáº­p nháº­t giÃ¡ má»›i nháº¥t.Masteri Centre...","Quáº­n 9, Há»“ ChÃ­ Minh"
TÃ´i cáº§n bÃ¡n cÄƒn biá»‡t thá»± Khu Thá»§ Äá»©c Garden Home,36 tá»·,336 mÂ²,"Biá»‡t Thá»± Khu Thá»§ Äá»©c Garden Home gáº§n Khu Váº¡n PhÃºc. + Náº±m Trong Khu Compound. + Diá»‡n tÃ­ch trÃªn sá»• lÃ  336m. + Diá»‡n tÃ­ch sá»­ dá»¥ng 1 sÃ n lÃ  100m x2 táº§ng, nhÃ  cÃ³ 2 bancont trÃªn láº§u 1 dt: 60m, 1 terrace á»Ÿ táº§ng trá»‡t: 30m. PhÃ²ng giáº·t + kho: 20m. + Káº¿t cáº¥u: CÃ³ 3 phÃ²ng ngá»§, 3 nhÃ  vá»‡ sinh. + NhÃ  Ä‘ang cÃ³ HD cho thuÃª. NhÃ  má»›i hoÃ n thiá»‡n T12/2022. + CÃ³ chá»— Ä‘á»ƒ xe oto riÃªng, thuáº­n tiá»‡n xe vÃ o táº­n nhÃ . + MÃ´i trÆ°á»ng sá»‘ng trong lÃ nh, khuÃ´n viÃªn nhÃ  Ä‘Ã£ trá»“ng cÃ¡c cÃ¢y ...","Thá»§ Äá»©c, Há»“ ChÃ­ Minh"
"BÃ¡n khu nhÃ  trá» á»Ÿ phÆ°á»ng Linh ÄÃ´ng, Thá»§ Äá»©c","14,9 tá»·",530 mÂ²,"BÃ¡n khu nhÃ  trá» á»Ÿ phÆ°á»ng Linh ÄÃ´ng, Thá»§ Äá»©c. Diá»‡n tÃ­ch Ä‘áº¥t 530mÂ², diá»‡n tÃ­ch sá»­ dá»¥ng thá»±c táº¿ gáº§n 700mÂ², cÃ³ 19 phÃ²ng, sÃ¢n Ä‘á»ƒ xe rá»™ng rÃ£i, Ä‘áº§y Ä‘á»§ cÃ¡c tiá»‡n Ã­ch camera an ninh, wifi, cá»•ng vÃ¢n tay, mÃ¡y giáº·t tá»± thanh toÃ¡n. Khu trá» Ä‘ang Ä‘Æ°á»£c khai thÃ¡c váº­n hÃ nh ráº¥t chuyÃªn nghiá»‡p bá»Ÿi cÃ´ng ty NhÃ  Trá» Sáº¡ch Sáº½, phÃ²ng cho thuÃª luÃ´n kÃ­n. Doanh thu khai thÃ¡c gáº§n 1 tá»· Ä‘á»“ng / nÄƒm, thu nháº­p rÃ²ng cá»§a chá»§ nhÃ  650tr / nÄƒm. GiÃ¡ bÃ¡n 14,9 tá»·.LiÃªn há»‡: Lan 0908 213 ***","Thá»§ Äá»©c, Há»“ ChÃ­ Minh"
"BÃ¡n Ä‘áº¥t liá»n ká» dá»± Ã¡n Dragon Park Háº£i Long Trang, VÄƒn Giang, HÆ°ng YÃªn. LH 0906 232 ***","7,07 tá»·",124 mÂ²,"BÃ¡n Ä‘áº¥t liá»n ká» dá»± Ã¡n Dragon Park Háº£i Long Trang, VÄƒn Giang, HÆ°ng YÃªn. CÃ¡ch vÃ²ng xuyáº¿n VÄƒn Giang 50m. Ngay cáº¡nh vÃ  hÆ°á»Ÿng tiá»‡n Ã­ch Ecopark. Diá»‡n tÃ­ch 124mÂ², máº·t tiá»n 7,5m, lÃ´ gÃ³c 2 máº·t Ä‘Æ°á»ng, 3 máº·t thoÃ¡ng, 2 máº·t nhÃ¬n ra há»“ cÃ¢u cÃ¡ Cá»­u Cao cáº¡nh chung cÆ° 21 táº§ng. TrÆ°á»›c máº·t lÃ  khu biá»‡t thá»± vÃ  Ä‘Æ°á»ng liÃªn dá»± Ã¡n rá»™ng 25m. Tiá»‡n xÃ¢y dá»±ng quÃ¡n bar, nhÃ  hÃ ng hoáº·c CLB giáº£i trÃ­.Sá»• Ä‘á» chÃ­nh chá»§. GiÃ¡: 57 triá»‡u/mÂ². LH: Chá»‹ PhÆ°á»£ng 0906 232 ***","VÄƒn Giang, HÆ°ng YÃªn"
"Má»Ÿ bÃ¡n shophouse Vin OCP1 sá»‘ lÆ°á»£ng cÃ³ háº¡n - tá»•ng chá»‰ 99 cÄƒn, sá»Ÿ há»¯u ngay chá»‰ tá»« 2.8 tá»·","8,74 tá»·",159 mÂ²,"Má»Ÿ bÃ¡n shophouse nhÃ  phá»‘ Vinhomes OCP1 sá»‘ lÆ°á»£ng cÃ³ háº¡n - tá»•ng chá»‰ 99 cÄƒn. Sá»Ÿ há»¯u ngay chá»‰ tá»« 2,8 tá»· (30%). Diá»‡n tÃ­ch Ä‘áº¥t 80 - 250mÂ². ÄÃ£ xÃ¢y hoÃ n thiá»‡n 5.5 táº§ng vá»›i diá»‡n tÃ­ch sÃ n xÃ¢y dá»±ng 200 - 456m. Æ¯u Ä‘Ã£i Ä‘áº·c biá»‡t: Nháº­n nhÃ  á»Ÿ vÃ  kinh doanh ngay. Sá»• há»“ng sáºµn sÃ ng trao tay. Há»— trá»£ lÃ£i suáº¥t 0% trong 24 thÃ¡ng giÃºp quáº£n lÃ½ tÃ i chÃ­nh dá»… dÃ ng. Shophouse TM Ä‘á»™c Ä‘Ã¡o, Ä‘á»“ng bá»™. Kinh doanh sáº§m uáº¥t, nháº­n sá»• Ä‘á» ngay tá»« Ä‘áº§u, Ä‘áº£m báº£o tÃ­nh phÃ¡p lÃ½ vÃ  giÃ¡ trá»‹ bá»n...","Gia LÃ¢m, HÃ  Ná»™i"
"Chá»‰ cáº§n Ä‘Ã³ng 1.5 tá»· (30%) cÄƒn 3 - 4PN nháº­n nhÃ  á»Ÿ ngay dá»± Ã¡n Há»“ GÆ°Æ¡m Plaza, giÃ¡ Æ°u Ä‘Ã£i nháº¥t","4,45 tá»·",130 mÂ²,"- CÄƒn há»™ 3 - 4PN Ä‘áº¹p nháº¥t dá»± Ã¡n Há»“ GÆ°Æ¡m Plaza, nháº­n nhÃ  á»Ÿ trÆ°á»›c táº¿t nguyÃªn Ä‘Ã¡n. - Tiá»‡n Ã­ch Ä‘áº³ng cáº¥p: Trung tÃ¢m thÆ°Æ¡ng máº¡i, Highland Coffee, SiÃªu thá»‹ Big C, Äiá»‡n mÃ¡y Xanh, Ráº¡p chiáº¿u phim CGV, Buffet láº©u, nÆ°á»›ng, Bá»ƒ bÆ¡i 4 mÃ¹a vÃ  phÃ²ng táº­p thá»ƒ thao Elite Fitness. - CÄƒn há»™ diá»‡n tÃ­ch 130mÂ² vÃ  cÄƒn gÃ³c 135mÂ². - GiÃ¡ chá»‰ tá»« 34 tr/mÂ². - ÄÃ³ng 30% nháº­n nhÃ  á»Ÿ ngay, tiáº¿n Ä‘á»™ thanh toÃ¡n: 3 nÄƒm (30% - 25% - 30% - 15%). * Äáº·c biá»‡t chÆ°Æ¡ng trÃ¬nh quÃ  táº·ng: + Ná»™i tháº¥t ...","HÃ  ÄÃ´ng, HÃ  Ná»™i"
Má»Ÿ bÃ¡n siÃªu pháº©m Mega Grand World HÃ  Ná»™i máº·t sÃ´ng vÃ  K. Town máº·t quáº£ng trÆ°á»ng Vinhomes OCP3,"8,83 tá»·",159 mÂ²,"Má»Ÿ bÃ¡n siÃªu pháº©m Mega Grand World HÃ  Ná»™i máº·t sÃ´ng vÃ  K. Town máº·t quáº£ng trÆ°á»ng. Tá»•ng diá»‡n tÃ­ch: 12,2ha. + LiÃªn há»‡ HoÃ ng Kháº£i: 0904 080 ***. Máº­t Ä‘á»™ xÃ¢y dá»±ng toÃ n khu: 35%. Tá»•ng sá»‘ cÄƒn: 481. CÄT: Táº­p ÄoÃ n Vingroup. Chia lÃ m 6 dÃ£y phá»‘, máº·t tiá»n tá»« 6 - 9m, xÃ¢y 4 - 5,5 táº§ng. DTXD 235 - 770m. BÃ n giao 10/2023. Khai trÆ°Æ¡ng 21 /12/2023 vá»›i ráº¥t nhiá»u Show diá»…n nghá»‡ thuáº­t Ä‘áº·c sáº¯c. + Tiá»‡n Ã­ch ná»•i báº­t: - Thiáº¿t káº¿ Ä‘á»™c báº£n: Sá»Ÿ há»¯u 2 máº·t tiá»n vá»›i táº§m view triá»‡u ...","VÄƒn Giang, HÆ°ng YÃªn"
"BÃ¡n nhÃ  Ä‘á»™c láº­p 58 m2 x 6 táº§ng á»Ÿ ngÃµ 169 ÄÆ°á»ng HoÃ ng Mai - Äá»n Lá»« 1 , Ã´ tÃ´ Ä‘á»— vÃ o nhÃ  , kimh doanh","8,95 tá»·",58 mÂ²,"HÆ°á»›ng: NAM , thang mÃ¡y - Thiáº¿t káº¿ Ä‘áº¹p kiá»ƒu máº«u nhÃ  phá»‘ hiá»‡n Ä‘áº¡i ,ngÃµ trÆ°á»›c nhÃ  3,8 m m , ngÃµ thoÃ¡ng , nhÃ  1 phÃºt ra tá»›i chá»£ , 3 phÃºt ra há»“ Ä‘á»n lá»« táº¿t xem báº¯n phÃ¡o hoa. - Diá»‡n tÃ­ch xÃ¢y dá»±ng 58 mÂ²  x 6 táº§ng,  sá»• Ä‘á», má»—i táº§ng 2 phÃ²ng , CÃ³ hÃ¬nh tá»« pháº§n mÃ³ng Ä‘áº¿n pháº§n hoÃ n thiá»‡n cam káº¿t hÃ¬nh áº£nh 100 %. - Táº§ng  1: phÃ²ng Ä‘á»ƒ Ã´ to , báº¿p - Táº§ng  2  - 2 phÃ²ng ngá»§ - Táº§ng 3  - 2PhÃ²ng ngá»§ - Táº§ng 4   -2phÃ²ng ngá»§ - Táº§ng 5  phÃ²ng thá» , sÃ¢n phÆ¡i rá»™ng  , tá»• chá»©c BBQ...","HoÃ ng Mai, HÃ  Ná»™i"
Xem nhÃ  24/7: ChuyÃªn bÃ¡n cáº¯t lá»— CC Vinhomes Smart City 1 - 3N há»— trá»£ vay 70% giÃ¡ ráº» nháº¥t thá»‹ trÆ°á»ng,2 tá»·,64 mÂ²,Vinhomes Smart City Land chuyÃªn mua bÃ¡n chuyá»ƒn nhÆ°á»£ng cáº¯t lá»— & hÃ ng mua má»›i trá»±c tiáº¿p chá»§ Ä‘áº§u tÆ° hÃ ng ngoáº¡i giao giÃ¡ ráº» nháº¥t thá»‹ trÆ°á»ng. Gá»i ngay Ä‘á»ƒ Ä‘Æ°á»£c tÆ° váº¥n nhanh vÃ  chÃ­nh xÃ¡c nháº¥t: 0814 838 *** - GiÃ¡ cam káº¿t ráº» nháº¥t thá»‹ trÆ°á»ng. - TÆ° váº¥n nhiá»‡t tÃ¬nh chÃ­nh xÃ¡c nháº¥t. - CÃ´ng ty cÃ³ vÄƒn phÃ²ng ngay táº¡i Vinhomes Smart City nÃªn xem nhÃ  báº¥t ká»ƒ khi nÃ o 24/7. - CÃ³ Æ°u Ä‘Ã£i cho khÃ¡ch hÃ ng Ä‘áº·t cá»c trÆ°á»›c. - Há»— trá»£ tÆ° váº¥n vá» phÃ¡p lÃ½ vÃ  thá»§ tá»¥c trong suá»‘t thá»i ...,"Nam Tá»« LiÃªm, HÃ  Ná»™i"
"ChÃ­nh chá»§ bÃ¡n cÄƒn Studio view biá»ƒn Ä‘áº¹p nháº¥t - giÃ¡ tá»‘t nháº¥t, kinh doanh tá»‘t, full ná»™i tháº¥t","1,4 tá»·",32 mÂ²,"Chuyá»ƒn nhÆ°á»£ng cÄƒn Studio view biá»ƒn Ä‘áº¹p nháº¥t dá»± Ã¡n vá»›i thÃ´ng tin cá»¥ thá»ƒ nhÆ° sau: - Diá»‡n tÃ­ch tim tÆ°á»ng: 32mÂ². - Diá»‡n tÃ­ch thÃ´ng thuá»·: 28mÂ². - Ná»™i tháº¥t Ä‘áº§y Ä‘á»§ nhÆ° hÃ¬nh. - Äá»§ Ä‘iá»u kiá»‡n ra sá»• há»“ng, sá»Ÿ há»¯u lÃ¢u dÃ i. - Há»— trá»£ hÆ°á»›ng dáº«n kinh doanh khai thÃ¡c. Dá»± Ã¡n Ä‘Ã£ hoÃ n thiá»‡n 100%, Ä‘á»™ nháº­n diá»‡n tá»‘t, kinh doanh á»•n. Anh chá»‹ nháº¯n em thÆ°Æ¡ng lÆ°á»£ng nhÃ©.","PhÃº Quá»‘c, KiÃªn Giang"
Cáº¯t lá»— 300 - 800tr/cÄƒn chÃ­nh chá»§ - Vinhomes Times City gá»­i danh sÃ¡ch ch chuyá»ƒn nhÆ°á»£ng giÃ¡ ráº» nháº¥t,"3,8 tá»·",90 mÂ²,"SÃ n BÄS Vinhomes xin gá»­i tá»›i quÃ½ khÃ¡ch báº£ng giÃ¡ bÃ¡n, thuÃª cÄƒn há»™ chung cÆ° Times City cÃ¡c cÄƒn giÃ¡ ráº» cáº¯t lá»— tá»« 100tr - 800tr/cÄƒn. Hotline Times City trÆ°á»Ÿng phÃ²ng kinh doanh ÄÄƒng Trung: 0982 591 ***. KÃ­nh gá»­i tá»›i quÃ½ khÃ¡ch thÃ´ng tin liÃªn quan Ä‘áº¿n cÄƒn há»™ Ä‘ang bÃ¡n táº¡i Vinhomes Times. City nhÆ° sau: Cáº­p nháº­t báº£ng giÃ¡ hÃ ng bÃ¡n T12/2023. TÃ²a tá»« T1 Ä‘áº¿n T11 vÃ  T18: CÄƒn 1PN - 53mÂ² á»Ÿ cÃ¡c tÃ²a T08, 09, 11; giÃ¡ tá»« 2,5-2.6 tá»·. CÄƒn 2PN - 75mÂ² á»Ÿ cÃ¡c tÃ²a T01, 04, 0...","Hai BÃ  TrÆ°ng, HÃ  Ná»™i"
